ID,C1,C2,C3,C4,C5,Score,Rank
C,12000000,9,80,8,9,0.8749999999999999,1
E,11000000,8,75,9,8,0.8472222222222222,2
B,8000000,6,60,6,7,0.8444444444444446,3
A,10000000,8,70,7,8,0.8329365079365081,4
D,9000000,7,65,7,6,0.8095238095238095,5
